roll_no,student_name,subject,marks
101,Aarav Shah,Python,88
101,Aarav Shah,Computer Networks,76
101,Aarav Shah,Web Technology,91
102,Riya Patel,Python,72
102,Riya Patel,Computer Networks,81
102,Riya Patel,Web Technology,79
103,Dev Mehta,Python,54
103,Dev Mehta,Computer Networks,63
103,Dev Mehta,Web Technology,58
104,Ananya Joshi,Python,95
104,Ananya Joshi,Computer Networks,92
104,Ananya Joshi,Web Technology,89
105,Rahul Parmar,Python,39
105,Rahul Parmar,Computer Networks,45
105,Rahul Parmar,Web Technology,42
